<images>
	<image source="/images/photos/photo09.jpg" thumb="/images/photosThumbs/photo09.jpg" />
	<image source="/images/photos/photo03.jpg" thumb="/images/photosThumbs/photo03.jpg" />
	<image source="/images/photos/photo04.jpg" thumb="/images/photosThumbs/photo04.jpg" />
	<image source="/images/photos/photo11.jpg" thumb="/images/photosThumbs/photo11.jpg" />
	<image source="/images/photos/photo12.jpg" thumb="/images/photosThumbs/photo12.jpg" />
	<image source="/images/photos/photo13.jpg" thumb="/images/photosThumbs/photo13.jpg" />
	<image source="/images/photos/photo15.jpg" thumb="/images/photosThumbs/photo15.jpg" />
	<image source="/images/photos/photo17.jpg" thumb="/images/photosThumbs/photo17.jpg" />
	<image source="/images/photos/photo18.jpg" thumb="/images/photosThumbs/photo18.jpg" />
	<image source="/images/photos/photo19.jpg" thumb="/images/photosThumbs/photo19.jpg" />
	<image source="/images/photos/photo20.jpg" thumb="/images/photosThumbs/photo20.jpg" />
	<image source="/images/photos/photo24.jpg" thumb="/images/photosThumbs/photo24.jpg" />
	<image source="/images/photos/photo27.jpg" thumb="/images/photosThumbs/photo27.jpg" />
	<image source="/images/photos/photo28.jpg" thumb="/images/photosThumbs/photo28.jpg" />
	<image source="/images/photos/photo30.jpg" thumb="/images/photosThumbs/photo30.jpg" />
	<image source="/images/photos/photo31.jpg" thumb="/images/photosThumbs/photo31.jpg" />
	<image source="/images/photos/photo35.jpg" thumb="/images/photosThumbs/photo35.jpg" />
	<image source="/images/photos/photo37.jpg" thumb="/images/photosThumbs/photo37.jpg" />
	<image source="/images/photos/photo38.jpg" thumb="/images/photosThumbs/photo38.jpg" />
	<image source="/images/photos/photo39.jpg" thumb="/images/photosThumbs/photo39.jpg" />
	<image source="/images/photos/photo42.jpg" thumb="/images/photosThumbs/photo42.jpg" />
	<image source="/images/photos/photo45.jpg" thumb="/images/photosThumbs/photo45.jpg" />
</images>	